"District_Name","District_Code.x","ELAgrade_11","ELAgrade_3","ELAgrade_4","ELAgrade_5","ELAgrade_6","ELAgrade_7","ELAgrade_8","ELANative","ELAAsian","ELABlack","ELADistrict","ELAFree_Reduced_Lunch","ELAELL","ELAFemale","ELAhispanic","ELAMale","ELAHawaiian_PI","ELANon_Bi","ELANon_Free_Reduced_Lunch","ELANon_ELL","ELADisabilities","ELANon_Disabilities","ELATwo_Plus_Races","ELAWhite","District_Code.y","MathGrade_11","MathGrade_3","MathGrade_4","MathGrade_5","MathGrade_6","MathGrade_7","MathGrade_8","MathNative","MathAsian","MathBlack","MathDistrict","MathFree_Reduced_Lunch","MathELL","MathFemale","Mathhispanic","MathMale","MathHawaiian_PI","MathNon_Bi","MathNon_Free_Reduced_Lunch","MathNon_ELL","MathDisabilities","MathNon_Disabilities","MathTwo_Plus_Races","MathWhite"
"Achievement First Hartford Academy Inc. District","2880013",47.2,75.8,80,67.3,64.5,66.1,68.9,NA,NA,69.3,68.5,68.5,62.3,70.4,65.8,66.6,NA,NA,NA,69.3,48.1,71.7,NA,NA,2880013,46.4,75.6,78.1,66,56.7,59.3,60,NA,NA,64.4,63.8,63.8,58.2,63.8,61.9,63.9,NA,NA,NA,64.6,40.6,67.5,NA,NA
"Amistad Academy District","2790013",59.1,69.7,73.2,66.1,69.5,60.3,66.4,NA,NA,66,66.8,66.8,67.3,69.4,67.1,64,NA,NA,NA,66.7,41.1,68.4,NA,NA,2790013,51.6,64.2,69.2,60.7,70.7,62.4,67.6,NA,NA,63,64.6,64.6,65.4,66.1,66.9,62.9,NA,NA,NA,64.4,45.2,65.7,NA,NA
"Andover School District","10011",NA,74.5,77.9,81.2,82,NA,NA,NA,NA,NA,79.3,77.3,NA,83.2,NA,74.7,NA,NA,80,79.7,NA,80.9,NA,80.2,10011,NA,69.3,77.3,82.9,76.1,NA,NA,NA,NA,NA,76.6,75.4,NA,77.9,NA,75.1,NA,NA,77,76.7,NA,77.6,NA,76.9
"Ansonia School District","20011",53.2,66.9,61.7,59.8,61.7,54.6,58.3,NA,65.3,54.5,59.6,57.4,56.4,62.6,58.4,56.7,NA,NA,64.8,59.9,41.3,63.8,61.6,62.5,20011,48.2,62.8,58.6,55.6,56.9,50.3,54,NA,63.9,49.5,55.4,53.5,55.8,56.1,54.3,54.7,NA,NA,59.9,55.3,39,59.2,60.1,58
"Area Cooperative Educational Services","2440014",37.8,61,54.6,48.6,60.9,59.5,59.7,NA,71.2,52.2,58.3,53.3,52,63.4,57.4,54.2,NA,NA,62.3,58.9,39.4,66,67.3,62.7,2440014,40.8,51.8,45.9,43.1,53.8,52.3,50.6,NA,66.3,44.3,50.7,46.1,46.6,53.7,49.3,48.3,NA,NA,54.5,51.1,32.1,58.2,56.7,56.4
"Ashford School District","30011",NA,67.6,74,71.5,72.8,80.2,65.5,NA,NA,NA,72.1,66.2,NA,77.1,NA,66.8,NA,NA,76.4,72.1,46.3,76.7,NA,72.3,30011,NA,66.6,64.8,61.9,62.1,67.3,58.5,NA,NA,NA,63.6,57.9,NA,63.8,NA,63.3,NA,NA,67.8,63.5,41,67.5,NA,64.1
"Avon School District","40011",73.8,81.4,83.1,80.4,85.2,81.1,82.8,NA,87.8,66.2,81.2,65.8,73.9,82.3,74,80,NA,NA,82.5,81.6,54.7,83.8,85.2,80.9,40011,72.4,76.1,79,75,79.5,77.6,83,NA,90,57.8,77.6,58,72.8,76.4,66,78.8,NA,NA,79.3,77.9,47.9,80.6,81.4,76.7
"Barkhamsted School District","50011",NA,72.9,75,73.9,73.7,NA,NA,NA,NA,NA,73.9,67.2,NA,77.6,NA,70.6,NA,NA,75.7,73.8,62.4,77.6,NA,73.7,50011,NA,68.2,68.9,58.2,61.3,NA,NA,NA,NA,NA,63.6,57.3,NA,65.3,NA,62.1,NA,NA,65.3,63.6,49.5,68,NA,63.3
"Berlin School District","70011",63.9,74,75.8,75.6,72.9,75.1,72.4,NA,80,58.8,72.7,63.2,63.9,75.1,61.8,70.5,NA,NA,74.6,73.2,50.2,76.2,79.1,73.8,70011,61.9,73.3,72.8,73.9,64.9,72.7,66,NA,81.5,56.2,69.3,56.8,62.5,69.2,55.5,69.3,NA,NA,71.8,69.6,43.3,73.3,76.6,70.6
"Bethany School District","80011",NA,73.3,79.8,73.7,78.8,NA,NA,NA,NA,NA,76.5,65.9,NA,79.4,NA,73.7,NA,NA,78.6,76.8,55.4,80.5,NA,76.6,80011,NA,64,74.3,73.1,71.9,NA,NA,NA,NA,NA,71.3,54.9,NA,71.8,NA,70.9,NA,NA,74.6,71.6,50,75.4,NA,71.4
"Bethel School District","90011",61.6,79,76.9,76.4,76.3,72.7,76.3,NA,81.3,68.5,74.2,66.4,64.3,77.4,67,71.1,NA,NA,77.1,75.1,53.8,76.8,76.5,75.4,90011,58.4,70.8,74.4,72.5,70.9,68.3,73.1,NA,79,61.2,69.8,61.8,60.8,69.7,62.6,69.9,NA,NA,72.8,70.6,49,72.4,74.5,70.9
"Bloomfield School District","110011",54.4,67.9,59.7,60.4,60.5,63.1,59,NA,NA,60.1,60.5,57.2,59,63.1,60.1,58.1,NA,NA,63.9,60.6,43.9,64.6,59.9,67.4,110011,48.6,60.8,57.4,58.8,56.5,56,50.3,NA,NA,54.8,55.2,51.9,54.3,55.8,54.9,54.7,NA,NA,58.6,55.3,40.2,58.8,55.2,60
"Bolton School District","120011",61,74.3,76.1,79.2,81.5,79,78.1,NA,NA,62.3,75.5,62.4,NA,77.2,60.7,73.6,NA,NA,77.6,75.6,48.8,78.3,NA,78.3,120011,58.6,71,74.9,80.3,75.4,72.3,74.7,NA,NA,56.9,72.2,57.4,NA,71.5,56.7,73.1,NA,NA,74.6,72.3,46.6,75,NA,75
"Booker T. Washington Academy District","2950013",NA,74.1,74.8,NA,NA,NA,NA,NA,NA,73.6,74.4,72.8,NA,75.9,NA,73.5,NA,NA,NA,74.3,NA,75.7,NA,NA,2950013,NA,69.6,70.4,NA,NA,NA,NA,NA,NA,69.7,69.9,68.5,NA,70.9,NA,69.4,NA,NA,NA,69.9,NA,71,NA,NA
"Bozrah School District","130011",NA,70.2,NA,67.4,65.1,72,65.4,NA,NA,NA,68.3,63.7,NA,70.6,NA,66.2,NA,NA,69.7,68.7,NA,71.7,NA,69.4,130011,NA,62.7,NA,62.5,56.2,64.5,64.5,NA,NA,NA,62.9,53.7,NA,62.2,NA,63.5,NA,NA,65.7,63.4,NA,65.8,NA,64.8
"Branford School District","140011",57.2,70.8,74,69.7,70.6,69,58.1,NA,72.6,56.7,67,59.9,60.7,68.8,59.9,65.3,NA,NA,70.5,67.5,44.9,70.4,66.9,67.9,140011,55.8,69.9,73.9,72.2,66,63.8,57.3,NA,75.7,53.4,65.5,58.3,62.4,64.8,56.6,66.2,NA,NA,69.1,65.7,41.6,69.1,61.9,66.3
"Brass City Charter School District","2900013",NA,71.3,81.3,76.7,NA,NA,NA,NA,NA,72.8,76.2,74.8,NA,78.7,75.3,73.4,NA,NA,78.4,76.4,NA,77.8,NA,NA,2900013,NA,67.6,75.8,76.4,NA,NA,NA,NA,NA,69.8,73.1,72.7,NA,74.5,71.8,71.7,NA,NA,73.7,73.2,NA,75.1,NA,NA
"Bridgeport Achievement First District","2850013",56.9,78,83.2,69.1,65.4,63,63,NA,NA,69,69.3,69.3,66.2,72.9,68.8,65.7,NA,NA,NA,69.8,49.8,71.4,NA,NA,2850013,53.2,80.1,82,66,58.5,54.6,56.7,NA,NA,65.5,65.5,65.5,64.2,67.1,64.4,63.9,NA,NA,NA,65.7,47.6,67.4,NA,NA
"Bridgeport School District","150011",45,56.6,58.2,54.8,56.4,54,50.8,63.2,64.4,52.3,54.3,52.6,49,57.1,53.4,51.8,NA,NA,60,55.5,38.6,57.7,58.3,62,150011,42.4,48.3,50.7,48.3,45.3,43.7,41.2,53.3,59.8,43.2,46.1,44.4,42.4,47.2,45.5,45.1,NA,NA,51.6,46.9,31.9,49.2,49.8,54.8
"Bristol School District","170011",53.7,67.1,70.3,67.1,67.1,68.4,65.7,NA,71.8,60.5,65.7,60.2,55.7,68.4,59.1,63,NA,NA,71.3,66.6,47.4,69.9,64.5,69.2,170011,51.2,61.4,67.1,64.2,60.6,57.5,57.6,NA,68.6,53.6,59.9,54.1,52.5,60.6,52.6,59.2,NA,NA,65.8,60.5,40.5,64.3,57.3,63.7
"Brookfield School District","180011",65.8,72.6,75,74.4,75.3,75.5,73.3,NA,81.8,66.6,73.1,66.1,66.7,75.6,66.9,70.7,NA,NA,74.6,73.4,52.5,76.4,NA,73.1,180011,63.2,66.6,70.7,69,71,71.9,69.4,NA,82.3,62,68.9,60.1,64.1,68.4,62,69.3,NA,NA,70.8,69.1,47.1,72.4,NA,68.5
"Brooklyn School District","190011",NA,67.9,71.4,71.9,80.9,80.3,71.8,NA,NA,NA,74.4,66.6,NA,77,65.2,72,NA,NA,78.3,74.5,52.3,78,NA,75.7,190011,NA,61.6,66.6,65.4,68.5,66.5,60,NA,NA,NA,64.9,56.8,NA,64.4,55,65.4,NA,NA,68.9,64.9,41.6,68.7,NA,66.4
"Canaan School District","210011",NA,NA,NA,NA,NA,NA,NA,NA,NA,NA,73.9,NA,NA,76.2,NA,NA,NA,NA,76.1,75.1,NA,77.1,NA,75.7,210011,NA,NA,NA,NA,NA,NA,NA,NA,NA,NA,65.9,NA,NA,67.4,NA,NA,NA,NA,69.6,66.5,NA,68.9,NA,66.8
"Canterbury School District","220011",NA,70.1,68.5,68.5,77.8,65.7,64.4,NA,NA,NA,68.8,66.2,NA,73.6,NA,64.3,NA,NA,70.6,69,48.8,71.8,NA,69.1,220011,NA,65.7,60.9,60.5,67.3,59.4,58.8,NA,NA,NA,61.9,59.8,NA,64.4,NA,59.5,NA,NA,63.2,62,40.7,64.8,NA,62.3
"Canton School District","230011",71.2,77,78.3,76,78,77.6,76,NA,81.3,58,76.3,63.5,NA,78.7,71.9,74,NA,NA,78.4,76.4,47.6,79.8,NA,78,230011,66.4,74.6,75.6,71.2,75.8,70.5,75,NA,75.3,54,72.7,58.9,NA,71.7,66.4,73.8,NA,NA,74.9,72.8,45.7,76,NA,74.8
"Capital Preparatory Harbor School District","2970013",47.3,NA,65.3,57.3,60.3,64.4,65.6,NA,NA,59.5,59.6,57.9,NA,63.2,59.1,56.7,NA,NA,64,60.2,48.1,61.1,NA,NA,2970013,45.2,NA,63.2,55.9,49.9,54.3,52.3,NA,NA,51.8,52.1,50.6,NA,53.9,52.7,50.7,NA,NA,55.9,52.7,39.3,53.8,NA,NA
"Capitol Region Education Council","2410014",53.3,68.3,68.8,67.8,64.2,62.7,60.5,NA,79.7,58.9,63.6,57.3,53.4,66.2,58,61.2,NA,NA,70.6,64.7,45.3,67.9,67.4,74.1,2410014,48.4,64,62.7,63.9,55.6,49.4,51.8,NA,78.2,50,56.3,49.5,49,56.8,50.9,55.8,NA,NA,63.6,57.1,39.1,60.3,58.4,67.5
"Chaplin School District","240011",NA,73.7,NA,73.9,NA,NA,NA,NA,NA,NA,74,66.6,NA,77.4,NA,70.6,NA,NA,78.2,74,NA,75,NA,74.9,240011,NA,71.6,NA,66.9,NA,NA,NA,NA,NA,NA,69.2,65.4,NA,68.8,NA,69.5,NA,NA,71.3,69.2,NA,70.9,NA,69.3
"Cheshire School District","250011",65,78.8,84.6,83.1,82.8,81.5,75.4,NA,85.5,69.9,78.2,66.4,66.2,80.5,70.3,76,NA,NA,79.9,78.5,55.5,81.2,79.1,78.2,250011,63.8,74.7,78.8,79.9,76.1,74.1,66.9,NA,84.3,59.9,72.9,60.4,62,72.8,64,72.9,NA,NA,74.6,73.1,50,75.8,74.5,72.5
"Chester School District","260011",NA,81.8,79,80.8,89.9,NA,NA,NA,NA,NA,83,NA,NA,81.9,NA,84.3,NA,NA,84,83.4,67.2,87,NA,83.6,260011,NA,88,70.5,73.4,80.3,NA,NA,NA,NA,NA,78,NA,NA,73.6,NA,82.8,NA,NA,79.1,78.4,60.8,82.3,NA,78.6
"Clinton School District","270011",60.7,70.6,73.3,69.8,71.6,69.6,67.3,NA,67.6,NA,69,61.9,53.6,72.1,60.4,66.2,NA,NA,72,70.1,51.1,72,NA,70.3,270011,55.2,60.5,65.6,69.1,66.8,63.4,68.3,NA,59.9,NA,64.2,56.6,50.4,64.6,55.5,63.9,NA,NA,67.4,65.2,44.5,67.6,NA,65.7
"Colchester School District","280011",62.1,73.4,79.2,75.6,78.9,74.7,75.7,NA,72.6,NA,74.2,64.8,62.8,76.3,66.8,72.1,NA,NA,75.9,74.4,57.2,77.5,80.5,74.6,280011,57.4,69.3,75.3,74.4,75.4,71.9,73.7,NA,78.6,NA,71,60.5,65.8,70.5,63.4,71.5,NA,NA,73,71.1,51.4,74.8,75.9,71.4
"Colebrook School District","290011",NA,NA,NA,NA,NA,NA,NA,NA,NA,NA,75.9,NA,NA,NA,NA,74.2,NA,NA,76.4,75.9,NA,79.8,NA,76.5,290011,NA,NA,NA,NA,NA,NA,NA,NA,NA,NA,70.5,NA,NA,NA,NA,68.9,NA,NA,72.6,70.5,NA,76.3,NA,72.5
"Columbia School District","300011",NA,62.1,78.6,70.5,72.1,70,68.5,NA,NA,NA,70.6,62.6,NA,75.3,62,66,NA,NA,72.1,70.8,53.1,73.8,NA,71.6,300011,NA,55.9,71.5,67.7,66.5,61.6,54.6,NA,NA,NA,63,55.7,NA,65.9,55.7,60.2,NA,NA,64.4,63.1,43.4,66.6,NA,64
"Common Ground High School District","2680013",54.8,NA,NA,NA,NA,NA,NA,NA,NA,NA,54.8,NA,NA,58.3,NA,52.1,NA,NA,61,57.8,NA,57.1,NA,NA,2680013,49,NA,NA,NA,NA,NA,NA,NA,NA,NA,49,NA,NA,47,NA,50.6,NA,NA,54.3,51.1,NA,49.2,NA,NA
"Connecticut Technical Education and Career System","9000016",46.9,NA,NA,NA,NA,NA,NA,NA,50.2,43.9,46.9,44.6,37.1,47.3,44.5,46.6,NA,NA,48.7,47.7,35.8,48.1,48.3,49.2,9000016,44.8,NA,NA,NA,NA,NA,NA,NA,50.1,39.8,44.8,42.4,36.8,42.5,42.3,46.5,NA,NA,46.9,45.5,36.4,45.8,46.3,47.9
"Cooperative Educational Services","2430014",42.5,63.9,64.1,60,59.3,56.5,60.3,NA,NA,56.7,59.3,54.5,NA,65.3,59.4,55.1,NA,NA,61.8,59.4,42.3,72.1,NA,58.8,2430014,34.7,56.2,55.8,59.5,54.2,50.2,50.3,NA,NA,52.1,52.8,47.7,NA,59.4,54.6,48.2,NA,NA,55.5,52.9,34.3,66.7,NA,48.3
"Cornwall School District","310011",NA,NA,NA,NA,NA,NA,NA,NA,NA,NA,77.8,NA,NA,NA,NA,75.1,NA,NA,78.8,79.8,NA,80.7,NA,80.4,310011,NA,NA,NA,NA,NA,NA,NA,NA,NA,NA,65.2,NA,NA,NA,NA,64.6,NA,NA,68.6,66.5,NA,69,NA,66.2
"Coventry School District","320011",60.7,73.4,84.4,79.9,80.7,77.5,72.7,NA,NA,NA,76.2,69.1,NA,78.4,69.3,74,NA,NA,78.2,76.2,54.6,79.7,NA,76.4,320011,58.4,65.3,79.5,76.3,72.3,66.2,65.3,NA,NA,NA,69.6,61.9,NA,69.7,61.4,69.4,NA,NA,71.8,69.6,47.5,73.1,NA,70
"Cromwell School District","330011",59.5,69.7,71.5,74.5,76.5,71.3,77.9,NA,73.2,62.1,71.7,61.6,65.8,74.1,62.9,69.5,NA,NA,75.1,72,51.2,74.2,64,74,330011,55.9,65.2,69.2,70.6,68.3,65.9,72.8,NA,71.3,56,67,55.8,58.8,66.4,56.5,67.5,NA,NA,70.6,67.4,44.3,69.7,56.3,69.5
"Danbury School District","340011",52.3,66.2,70,69,65.4,63,59.8,NA,71.3,61.9,64.2,60.8,59.2,66.7,60.4,61.7,NA,NA,70.1,66.8,44.7,67.1,68.3,68.5,340011,48.7,60.5,67,67.4,59,53.2,51.7,NA,68.3,52.9,58.7,55.6,55.4,58.7,55.5,58.8,NA,NA,64.4,60.5,39.2,61.7,61.7,62.8
"Darien School District","350011",73.4,82,85.4,84.1,85.5,84.4,81.7,NA,90.9,61.9,82.6,68.6,71.8,85.8,76.2,79.5,NA,NA,82.9,82.7,64.6,85.5,88.3,82.6,350011,74.2,79.5,82.8,81.7,83.7,84.3,82.2,NA,94.4,53.1,81.4,64.9,71.5,81.3,74.2,81.4,NA,NA,81.8,81.5,61.7,84.6,89.9,81.2
"Deep River School District","360011",NA,74.2,84.5,72.1,77.4,NA,NA,NA,NA,NA,76.6,69.9,NA,79.9,NA,73.1,NA,NA,79,76.7,53.4,80.6,NA,77.2,360011,NA,75.6,78.9,70.2,69.8,NA,NA,NA,NA,NA,72.9,67.5,NA,72.5,NA,73.4,NA,NA,74.9,73.5,53,76.4,NA,73.7
"Derby School District","370011",50.6,65.8,65.4,60.2,54.9,58.7,53.1,NA,NA,48.4,58.5,54.7,50.7,62.5,55.2,55,NA,NA,66.9,59.3,39.4,62.5,58.7,63.3,370011,44.5,55.5,64.3,57.9,47.3,47.9,45.9,NA,NA,41.5,52.1,48,42.9,53.5,46.9,50.8,NA,NA,61.1,53,32.6,56.2,49.6,58.5
"East Granby School District","400011",63.7,76.1,80.1,76.3,74.5,77.5,70.3,NA,83.1,61.9,74,63.1,NA,77.3,62.2,70.9,NA,NA,75.5,73.9,54.3,77.1,NA,75.6,400011,60.5,74.2,78.3,78.6,70.5,72.7,66.4,NA,84.1,56.3,71.6,58.1,NA,71.8,61.6,71.4,NA,NA,73.5,71.4,51.1,74.8,NA,73
"East Haddam School District","410011",61.4,76.1,78.6,73.6,75.7,78.5,72,NA,NA,NA,73.7,67.8,NA,77,NA,70.8,NA,NA,75.5,73.7,50.7,77.1,NA,73.6,410011,56.4,72.7,73.7,65,65.2,71.6,65.6,NA,NA,NA,67.1,62.1,NA,67.6,NA,66.8,NA,NA,68.7,67.1,44.8,70.4,NA,67.2
"East Hampton School District","420011",62.3,73.3,77.5,73,73.2,67.3,69.4,NA,NA,NA,71.1,65,60.3,73.4,68.4,68.8,NA,NA,72.4,71.3,53.3,73,73.5,71.5,420011,59.5,65.8,73.3,67.4,66.8,61.2,61,NA,NA,NA,65.2,58,57.6,64.9,57.6,65.5,NA,NA,66.8,65.4,47,67.2,66.8,65.8
"East Hartford School District","430011",50.1,61.3,60.7,58.9,57.8,57.9,55.9,NA,67.2,57.3,57.6,55.7,49.5,61.9,54.5,53.6,NA,NA,62.6,59.1,40.6,61.7,NA,64.9,430011,46.1,52.8,53.1,51.4,48.8,49.1,48.8,NA,62.8,48.8,50.1,48.3,43.8,52.7,47.5,47.8,NA,NA,54.9,51.4,33.9,54.1,NA,57.5
"East Haven School District","440011",51.3,65,68.2,67.2,64.2,58.8,55.3,NA,62.9,54.8,61.3,58.1,53.7,64.4,58.3,58.2,NA,NA,64.1,62.5,41.7,64.5,62.5,62.9,440011,47.7,59.8,64.4,61.5,56.8,48.8,51.3,NA,62.4,44,55.6,52.3,50.7,55.8,52.8,55.5,NA,NA,58.4,56.4,37.2,58.6,58.3,57.2
"East Lyme School District","450011",64.2,81.4,84.7,76.6,78.1,80.9,75,NA,85.8,74.3,76.8,67.2,74.3,77.9,72.7,75.7,NA,NA,78.5,76.9,57.7,79.8,73.1,76.3,450011,62.6,81.6,83.1,68.6,71.5,73.1,68.1,NA,88.7,63.6,72.2,62.1,74.1,70.9,66.2,73.4,NA,NA,74,72.1,52.8,75.3,64,71.3
"East Windsor School District","470011",49.8,62.8,68.2,57.9,68.9,61.9,63.9,NA,NA,54.2,61.9,57.6,52.1,64.5,56.5,59.7,NA,NA,66.2,62.4,42.9,65.8,59.1,64.7,470011,48.6,58.5,65.1,55.6,58.2,50,51.2,NA,NA,43.6,55.3,50.8,51.3,54.2,49,56.2,NA,NA,59.9,55.5,38.4,58.9,50,59
"Eastern Connecticut Regional Educational Service Center (EASTCONN)","2530014",49.2,NA,NA,NA,32.1,NA,NA,NA,NA,NA,42.2,37.6,NA,47,45.2,39.3,NA,NA,49,42.5,34.8,54.5,NA,40.2,2530014,42.9,NA,NA,NA,18.1,NA,NA,NA,NA,NA,33.8,28.1,NA,36.8,39.6,32,NA,NA,42.3,34.1,26.3,46.2,NA,32.3
"Eastford School District","390011",NA,NA,NA,NA,NA,72.3,NA,NA,NA,NA,70.2,65,NA,68.3,NA,71.8,NA,NA,72.9,70.2,NA,73.5,NA,70.2,390011,NA,NA,NA,NA,NA,62.7,NA,NA,NA,NA,66.7,62.6,NA,61.6,NA,71.1,NA,NA,68.9,66.7,NA,71.2,NA,66.9
"Easton School District","460011",NA,82.3,83,86.6,85.6,82,80.3,NA,87.1,NA,83.3,71.9,NA,85.3,75.3,81.3,NA,NA,83.7,83.5,66.7,86.2,88.9,83.2,460011,NA,78.4,79.5,81.2,81.9,72.4,73,NA,84.1,NA,77.6,64.9,NA,76.8,65.9,78.3,NA,NA,78,77.6,59,80.8,84.9,77.6
"EdAdvance","2420014",NA,NA,NA,NA,NA,NA,NA,NA,NA,NA,NA,NA,NA,NA,NA,NA,NA,NA,NA,NA,NA,NA,NA,NA,2420014,NA,NA,NA,NA,NA,NA,NA,NA,NA,NA,NA,NA,NA,NA,NA,NA,NA,NA,NA,NA,NA,NA,NA,NA
"Ellington School District","480011",61.6,75.9,76.5,74.8,77,77.9,73.8,NA,84.9,60,74,64.1,71.1,76.6,63.3,71.4,NA,NA,75.6,74.2,50.1,77.7,73.5,74,480011,60.2,71.6,75.3,69.7,73,71.6,66,NA,84.5,52.6,69.7,57,70.4,69.3,59.1,70,NA,NA,71.7,69.6,46.3,73.2,67.2,69.3
"Elm City College Preparatory School District","2890013",56.2,72.6,74.6,68.9,71.1,68.4,72.6,NA,NA,68.1,70.3,70.3,72.5,72.5,76.6,67.9,NA,NA,NA,70.1,43.7,72.1,NA,NA,2890013,51.6,73.1,66.8,68.8,62.2,61.5,69.9,NA,NA,63.6,66,66,66,67.3,73.1,64.5,NA,NA,NA,66,34.8,68.1,NA,NA
"Elm City Montessori School District","2910013",NA,NA,NA,NA,NA,NA,NA,NA,NA,NA,NA,NA,NA,NA,NA,NA,NA,NA,NA,NA,NA,NA,NA,NA,2910013,NA,NA,NA,NA,NA,NA,NA,NA,NA,NA,NA,NA,NA,NA,NA,NA,NA,NA,NA,NA,NA,NA,NA,NA
"Enfield School District","490011",56.6,69.1,69.7,68.9,65.7,63.1,63,NA,71.8,56.5,65.4,61.3,58.3,68.1,60.6,62.8,NA,NA,68.7,65.8,46.7,68.8,62,67.1,490011,52.9,61.5,65.4,64.1,59.6,56.5,54.8,NA,69.2,49.2,59.4,55.6,53.3,59.7,54.1,59.2,NA,NA,62.5,59.8,43,62.4,53.9,61.3
"Essex School District","500011",NA,77.4,79,81.2,83.9,NA,NA,NA,NA,NA,80.5,66.7,NA,83.9,NA,77.3,NA,NA,82.2,81.5,59.7,84.6,NA,82.4,500011,NA,66.7,73.8,72.2,73.1,NA,NA,NA,NA,NA,71.9,59.4,NA,72.6,NA,71.2,NA,NA,73.3,72.7,50.8,76,NA,73.7
"Explorations District","2720013",51.3,NA,NA,NA,NA,NA,NA,NA,NA,NA,51.3,NA,NA,NA,NA,NA,NA,NA,NA,51.3,NA,NA,NA,51.9,2720013,42.5,NA,NA,NA,NA,NA,NA,NA,NA,NA,42.5,NA,NA,NA,NA,NA,NA,NA,NA,42.5,NA,NA,NA,42.8
"Fairfield School District","510011",67.5,77.6,80.6,80.9,80.2,80,76.5,NA,82.2,65.2,77.7,63.8,60,79.8,69.3,75.6,NA,NA,79.2,78.3,56.8,80.4,80.2,78.7,510011,65.2,74.3,76.9,79.3,74.6,71.3,72.4,NA,81.3,60.6,73.4,58.1,58.5,72.8,64.8,74,NA,NA,75.1,74,51.2,76.4,75.5,74.2
"Farmington School District","520011",70.7,79.7,83.9,83,83.5,83,80.2,NA,88.6,66.4,80.7,69.5,77.2,83.6,73.4,78,NA,NA,82.8,81,55,84.2,77.8,80.1,520011,69.7,76.5,80.5,80,78.6,76.3,77.1,NA,90.1,57.6,77.1,64.5,77.2,77.6,66.4,76.6,NA,NA,79.4,77.1,49.4,80.8,73.4,75.4
"Franklin School District","530011",NA,NA,NA,NA,NA,NA,69.5,NA,NA,NA,71.9,59.6,NA,71.4,NA,72.1,NA,NA,74.9,71.9,NA,75.4,NA,72.2,530011,NA,NA,NA,NA,NA,NA,53.6,NA,NA,NA,60.7,57,NA,59,NA,62.8,NA,NA,61.6,60.7,NA,62.9,NA,60.8
"Glastonbury School District","540011",67.9,80.2,82.9,81.6,81.3,83.1,76,NA,86.6,64.3,78.8,62,72.2,81.4,68.8,76.2,NA,NA,80.3,79,52.8,81.9,80.1,79.4,540011,69.2,75.7,79.5,81.4,80.8,78.1,74,NA,88.8,59.9,76.8,59,74.1,76.9,65.5,76.7,NA,NA,78.5,76.9,48.2,80.3,78.1,77.1
"Granby School District","560011",66.3,75.7,81.1,77.3,78.5,77.2,77,NA,NA,55.4,75.8,63.7,NA,78,72.2,73.4,NA,NA,77.4,75.9,58,79,70.2,77.1,560011,63.9,69.3,73.1,72.1,74.1,70.8,72.6,NA,NA,49.8,70.6,57.6,NA,70.2,61.9,71.1,NA,NA,72.3,70.7,51.4,74,69.6,72
"Great Oaks Charter School District","2940013",NA,NA,NA,NA,49.2,47.8,40.8,NA,NA,46,46.5,47,45.6,50,47,42.5,NA,NA,43.4,46.8,27.6,50.6,NA,NA,2940013,NA,NA,NA,NA,48.8,44.6,39.7,NA,NA,43.5,45,44.9,46,46.3,46.1,43.4,NA,NA,45.5,44.6,22,50,NA,NA
"Greenwich School District","570011",71.9,79.4,82.4,82.9,81,79.9,79.8,NA,87.2,65.4,79.7,67.6,70.5,81.6,71.7,77.9,NA,NA,82.5,80.5,57.9,82.6,84.4,81.6,570011,71.5,76,78.7,80.3,76.6,75.4,73.5,NA,89.7,55.7,76.1,61.4,69.5,75,66.4,77.1,NA,NA,79.5,76.7,51.4,79.4,83.3,77.8
"Griswold School District","580011",52.9,70.1,68.2,73.4,65.8,71.1,73.1,NA,NA,54.4,67.8,60.9,NA,70.6,66.2,65.3,NA,NA,73.1,67.9,47.3,71.5,66.9,68.8,580011,51.3,67.6,65.6,72.9,66.1,69.3,69.9,NA,NA,53.1,66.1,59.3,NA,66.2,62.3,66,NA,NA,71.4,66.2,40.6,70.7,65.5,67.2
"Groton School District","590011",57.7,70.9,72.7,69.2,69.1,66.1,69.5,NA,72.3,56.5,68.3,61.2,50.5,69.9,59.6,66.9,NA,NA,74.5,69.1,46.8,72.5,67.2,72.7,590011,55.3,63.4,69.2,65.1,60.2,58,66.7,NA,70.4,52.1,62.9,55.6,50.9,62.3,54.2,63.4,NA,NA,69.2,63.4,39.4,67.5,60.9,66.8
"Guilford School District","600011",71.2,82.8,83.8,81.8,83.1,82.4,78.9,NA,83,63.8,80.5,71.3,67.2,81.9,76.8,79.1,NA,NA,81.7,80.8,57.9,83.6,80.3,81,600011,68.1,76.7,80.9,81.1,80.3,77.2,77.6,NA,84.9,57.4,77.3,68.6,65,76.4,74.9,78.2,NA,NA,78.5,77.7,50.6,81,77.8,77.5
"Hamden School District","620011",55.2,68.5,72.1,69.5,70.4,62.9,58.2,NA,71.5,57,65.4,57.1,55.3,68.3,58.6,62.7,NA,NA,72.5,66.3,46.7,69.5,68.8,73.7,620011,50.6,63.8,69,65.2,62.9,58.9,53.4,NA,71.8,50.4,60.7,51.9,53.9,60.9,53.8,60.5,NA,NA,68.2,61.3,42.2,64.6,64,69.4
"Hampton School District","630011",NA,NA,NA,NA,NA,NA,NA,NA,NA,NA,73.5,NA,NA,71.6,NA,74.9,NA,NA,72.7,73.5,NA,80.1,NA,72,630011,NA,NA,NA,NA,NA,NA,NA,NA,NA,NA,66.7,NA,NA,64.1,NA,68.6,NA,NA,67.6,66.7,NA,72.4,NA,65.7
"Hartford School District","640011",46.6,54.7,56.1,52.4,54.1,51.2,50.1,58.7,67.6,51.4,52.4,49.9,44.7,55.2,48.9,49.7,NA,NA,61,55,37.4,56.1,62,68,640011,44.1,49.4,52.5,52.7,47.1,45.4,42.7,51.5,66.6,45.3,47.8,45.3,41.8,48.8,44.8,46.9,NA,NA,56.6,49.9,32,51.7,56.5,64.5
"Hartland School District","650011",NA,NA,NA,NA,NA,75.4,76.1,NA,NA,NA,76.7,67.4,NA,78.1,NA,76.1,NA,NA,79,76.7,60.9,80,NA,77.7,650011,NA,NA,NA,NA,NA,64.5,64.8,NA,NA,NA,67.8,59.8,NA,65.3,NA,70.5,NA,NA,69.8,67.8,49.1,71.7,NA,69.1
"Hebron School District","670011",NA,76.8,74.5,73.8,71.4,NA,NA,NA,NA,NA,73.8,66.7,NA,75.2,71.6,72.5,NA,NA,75.2,73.8,55.9,77.3,NA,74.1,670011,NA,73.5,76.5,75.7,68.6,NA,NA,NA,NA,NA,73.3,64.8,NA,72,67.2,74.4,NA,NA,74.9,73.3,53.8,77,NA,73.7
"Highville Charter School District","2860013",NA,61.3,62,52.6,56.8,54.9,44.9,NA,NA,54.7,54.6,52.9,NA,57.9,NA,51.1,NA,NA,59.7,54.4,NA,56.8,NA,NA,2860013,NA,51.8,56,45.3,45,49.3,43.7,NA,NA,47.9,48.1,47.4,NA,50.8,NA,45.1,NA,NA,50,47.9,NA,49.9,NA,NA
"Integrated Day Charter School District","2640013",NA,64.3,72.2,62.5,69.8,65.3,68.3,NA,72.2,NA,67.1,64,60.9,68.1,60.2,66.1,NA,NA,68.8,68.4,NA,68.8,67.9,68.4,2640013,NA,54,63.6,56.3,62,55.2,58.4,NA,69.3,NA,58.3,58.1,55.2,57.3,46.2,59.3,NA,NA,58.4,58.9,NA,59.8,59.7,59.6
"Interdistrict School for Arts and Comm District","2650013",NA,NA,NA,NA,59.7,56.2,53.3,NA,NA,51.2,56.4,52.9,45.3,60.3,53,52,NA,NA,64.9,59,41.1,59.4,NA,70.1,2650013,NA,NA,NA,NA,49.9,43,42.6,NA,NA,42.4,45.2,41.8,35.8,46.6,42.7,43.6,NA,NA,53.2,47.3,30.4,48,NA,54.3
"Jumoke Academy District","2610013",NA,61.1,68.7,56.2,60,54.7,59.5,NA,NA,59.8,59.9,55.8,NA,63.5,61.3,56,NA,NA,64.4,60,35.5,61.4,NA,NA,2610013,NA,54.4,60.8,56.5,51.6,47.4,49,NA,NA,53.3,53.6,50.5,NA,55.1,58.3,52,NA,NA,57,53.6,26.9,55.3,NA,NA
"Kent School District","680011",NA,86.7,73.3,85.9,84.7,86.6,78.1,NA,NA,NA,82.2,72.9,NA,85.1,NA,79.6,NA,NA,84.4,82.2,NA,84.2,NA,83.1,680011,NA,78.4,67.7,73,76.3,79.6,71.9,NA,NA,NA,74.3,64.9,NA,74.8,NA,73.9,NA,NA,76.5,74.5,NA,76.5,NA,75.1
"Killingly School District","690011",55.9,69.9,67.5,66.2,73.5,69.2,66.2,NA,75.8,73.2,66.7,63.4,63.4,69.4,61.8,63.8,NA,NA,69.8,66.8,47.9,69.5,61.4,67.1,690011,50.7,64.8,65.6,57.2,64.7,59.5,53.8,NA,68.7,63.6,59.2,55.8,58.1,59.8,54.1,58.6,NA,NA,62.4,59.2,40.6,62,55,59.6
"Learn","2450014",57,60.1,65.9,67.2,63.5,69.5,61.6,NA,NA,55.1,62.4,57.6,56,64.9,57.5,60,NA,NA,69.1,63.8,43.3,66.2,66.6,70.2,2450014,52.5,50.1,54.6,60,49.2,55.8,52,NA,NA,45.5,53.5,48.8,46.6,54,49.1,53,NA,NA,60,54.9,36.5,56.9,56.9,61
"Lebanon School District","710011",59.5,78.4,80.7,76.3,74.9,66.9,69.8,NA,NA,NA,71.5,66.3,NA,74.5,66.2,68.9,NA,NA,73.1,71.8,50.2,75.9,NA,72.5,710011,58,71.4,78,68.9,63.7,63.6,68.6,NA,NA,NA,66.6,60.5,NA,67.8,64.8,65.5,NA,NA,68.4,66.8,43.3,71.3,NA,67.1
"Ledyard School District","720011",61.8,70.1,73.8,70.2,68.4,66.8,64.8,49.8,70.1,61.3,67.8,59.4,62.6,71,66.4,64.7,NA,NA,70.1,67.9,50.3,72,59.8,70,720011,58,65.7,68.4,66.5,64.5,64.4,67.4,46.9,67.5,56.7,64.9,54.9,53.2,65,60.5,64.8,NA,NA,67.6,65.1,47.6,68.9,54.5,67.8
"Lisbon School District","730011",NA,77.9,71.2,75.8,77.5,64.1,66.7,NA,NA,NA,71.6,67.6,NA,75.1,NA,67.3,NA,NA,73.5,71.7,50.8,74.8,73.3,71.4,730011,NA,70.2,68.2,69.9,59,47.6,51.9,NA,NA,NA,60,55,NA,60.9,NA,59,NA,NA,62.4,60.2,36.4,63.7,60.3,59.9
"Litchfield School District","740011",64.5,78.5,77.2,79.3,81.4,76.7,78,NA,NA,NA,76.4,72.2,NA,78.2,72.9,74.9,NA,NA,77.5,76.5,59.8,79.4,NA,76.6,740011,60.3,76.3,74.3,80.3,78.2,74.1,75,NA,NA,NA,73.9,70.6,NA,72.8,67.1,74.7,NA,NA,74.7,73.9,54.9,77.3,NA,74
"Madison School District","760011",72.1,74.7,79.2,76.6,75.5,71.3,66.5,NA,81.4,NA,73.6,67.5,NA,76.3,69.4,71.4,NA,NA,73.9,73.8,56.5,76.4,79.7,73.4,760011,70,70.2,76.5,77.5,69.3,71.3,68.3,NA,83.4,NA,71.7,65.9,NA,70.9,66,72.4,NA,NA,72,71.9,52.9,74.8,75.3,71.4
"Manchester School District","770011",52.6,62.2,64.2,59.4,58.4,56.2,53.5,NA,65.3,52.6,58.4,53.8,52.4,61.4,53.5,55.5,NA,NA,65.1,59,39.3,61.8,60,64.5,770011,49,56.2,58.1,56.3,51,49.3,47.3,NA,63.9,45.4,52.8,48.1,48,53.1,48,52.6,NA,NA,59.8,53.4,33.3,56.3,53.7,59.3
"Mansfield School District","780011",NA,80.7,85,80.6,78.4,79.4,78,NA,87.2,NA,80.3,71,75,81.4,73.2,79.2,NA,NA,83.9,80.6,52.6,84.4,79.3,80.5,780011,NA,74.5,84.2,78.6,69.9,75.1,76.3,NA,90,NA,76.3,67.1,78.2,75.1,67.8,77.5,NA,NA,80,76.2,48.9,80.4,76,75.6
"Marlborough School District","790011",NA,71.4,81.6,76.3,77,NA,NA,NA,NA,NA,76.6,72.8,NA,80.4,NA,73.5,NA,NA,77.2,76.6,56.3,79,NA,76.8,790011,NA,65,76.6,75.5,75.2,NA,NA,NA,NA,NA,73.3,67.5,NA,73.3,NA,73.3,NA,NA,74.4,73.4,52.5,75.8,NA,73.7
"Meriden School District","800011",50,66.3,69.4,65.3,62.4,59.1,56.2,NA,74.7,59.8,62.2,58.4,53.8,65.1,58.2,59.5,NA,NA,70.6,64.2,44.3,66.3,61,69.2,800011,44.1,60.6,65.6,62.3,54.7,54.1,46.4,NA,72.8,53.3,56.7,53.2,51.1,57.2,53.1,56.3,NA,NA,64.2,58,39.5,60.6,54.6,63.1
"Middletown School District","830011",52.5,68.7,68.2,67.6,68.4,59.7,57.7,NA,81.2,53.4,63.6,56.3,57.3,66.5,55.6,60.8,NA,NA,71.1,64,40.6,67.2,65.7,69.6,830011,49.5,63.3,65.4,65.4,63.5,52.4,51.7,NA,77.7,48.1,59.1,51.5,56.2,59.9,51.5,58.4,NA,NA,67,59.3,35.7,62.9,59.6,65.6
"Milford School District","840011",60.7,72.5,75.2,72.6,74.5,69.9,70.3,NA,75.3,61.4,70.7,64.2,65.8,73.6,64,68,NA,NA,73,70.9,52.5,73.4,NA,71.4,840011,58.7,70.7,73.9,72.1,69,69.8,66.5,NA,76.3,57.6,68.6,60.7,64.1,68.7,60.3,68.5,NA,NA,71.4,68.8,48.1,71.6,NA,69.2
"Monroe School District","850011",67.6,82.3,87,84.4,82,80.6,72.9,NA,90.4,71.6,79.2,75.5,74.6,82.6,77,75.9,NA,NA,79.7,79.3,58.3,82.2,75.7,79.1,850011,64.2,78.1,80.3,80.4,74.6,71.3,66.8,NA,87.5,61.7,73.3,67.9,68.2,73,71.1,73.6,NA,NA,74,73.4,50.7,76.5,71.5,73
"Montville School District","860011",58,72.2,76.6,74.5,74.9,66.3,65.7,NA,78.3,63.6,70,64.9,66.8,72.6,65,67.4,NA,NA,73.3,70.2,52.5,73,69,70.4,860011,55.2,72.6,73.9,74.5,71.5,58.3,59.5,NA,79.3,62,66.5,62.3,68.7,67.1,61.1,66,NA,NA,69.3,66.3,49.2,69.5,63.9,66.7
"Naugatuck School District","880011",52.2,69.6,71,65.2,68,68.1,62.5,NA,73.8,58.7,65.4,61.3,55.5,68.8,61.8,62.5,NA,NA,69.9,66.2,45.4,69.4,61.9,67.7,880011,47.2,69,69,67.3,65.3,64.3,60,NA,75.8,52.8,63.4,59.1,56.8,63.7,60.2,63.1,NA,NA,68.1,63.9,42.4,67.6,60,65.8
"New Beginnings Inc Family Academy District","2800013",NA,52.8,55.3,54.4,61.7,56.4,52.5,NA,NA,55.8,55.1,54.9,NA,57.2,53.2,52.9,NA,NA,NA,55.4,39.9,56.7,NA,NA,2800013,NA,42,45.2,46.2,55.1,41,42.6,NA,NA,45.5,45,44.8,NA,44.6,44.1,45.5,NA,NA,NA,45.1,25.7,47,NA,NA
"New Britain School District","890011",43.7,54.5,56.9,53.2,52.7,49.2,46.2,NA,60.5,53,51.5,50,44.3,53.6,48.7,49.5,NA,NA,61.3,53.3,36,55,56.5,57.8,890011,40.5,45.8,50.4,47.8,43.8,40.5,40.3,NA,58,44.1,44.6,43.1,39.1,45.1,42,44.2,NA,NA,54.7,46,29.6,48.1,50.4,51.2
"New Canaan School District","900011",73.9,86.1,91.7,89,87.1,86.2,83.7,NA,92.2,73.9,85.5,NA,78.6,87.9,76.2,83.1,NA,NA,85.5,85.6,63.7,88.4,88,85.5,900011,73.6,83.7,90.9,87.7,85.2,81.2,85.7,NA,94.4,72.1,84,NA,81.6,83.8,73.9,84.2,NA,NA,84,84.1,61.3,87,88,83.7
"New Fairfield School District","910011",66.6,78,81,77.6,80.8,79,78.3,NA,81,NA,76.7,71.7,66.5,78.3,74.1,75.3,NA,NA,77.6,77.1,57.9,79.1,NA,77,910011,62.8,75.8,77.9,74.9,76.9,68.9,76.9,NA,82.2,NA,72.9,66.9,63.3,71.9,68.7,73.9,NA,NA,73.9,73.3,51.6,75.6,NA,73.4
"New Hartford School District","920011",NA,77.6,73.2,75.9,73.9,NA,NA,NA,NA,NA,75,66.4,NA,78.4,NA,71.4,NA,NA,76.5,75.1,56.5,77.7,NA,75.5,920011,NA,72.8,65.9,72.4,65.1,NA,NA,NA,NA,NA,69,62.4,NA,71,NA,66.9,NA,NA,70.2,69.1,47.7,72.1,NA,69.3
"New Haven School District","930011",47.6,60.1,62.1,58.7,61.1,57.5,55,59.8,75,54.3,57.8,55.3,51.5,60.3,56.1,55.4,NA,NA,62.9,59.7,42.6,60.8,70.6,70.4,930011,43.8,52.4,54.7,53.6,51.9,48.4,45,51.4,73.9,45.5,50.3,47.5,46.6,51,49.4,49.6,NA,NA,55.7,51.3,36.3,52.9,59.9,62.4
"New London School District","950011",47.4,62.6,60.7,57.5,57.2,53,52,NA,71.7,52.8,56.3,54.6,48.6,58.9,52.6,53.9,NA,NA,66.8,59.2,41.2,59.7,57.8,69.1,950011,45.5,54.8,54.9,54.7,48.4,46.6,46.1,NA,72,46.1,50.7,49.2,44,50.5,47.3,50.9,NA,NA,60.2,53.2,35.8,54,53.8,62.2
"New Milford School District","960011",62.7,70.8,69.8,74,73.6,67.9,65.5,NA,78.2,65.7,69.2,63.4,56.9,71.7,62.2,66.8,NA,NA,71.6,69.9,51.2,72.3,69.1,70.1,960011,58.3,64.5,65.3,71.6,64.4,63.1,59.6,NA,77.5,58.2,63.8,57.5,54.5,63.1,57.2,64.3,NA,NA,66.4,64.3,44.5,67.2,64.1,64.4
"Newington School District","940011",62.3,71.2,71.8,69.1,72,69.8,69.1,NA,77,62.8,69.3,64.2,66.2,72,63.7,66.7,NA,NA,71.4,69.7,46.4,72.3,67.8,70.8,940011,60.5,66.3,68,66.1,67.2,65.5,65.3,NA,76.6,58.9,65.6,60.1,63,65.5,58.4,65.6,NA,NA,67.8,65.8,42.8,68.6,64.5,67
"Newtown School District","970011",65.3,82.2,78.9,76,78,77.8,75.4,NA,77.4,69,75.7,67.3,66.8,77.9,71.9,73.5,NA,NA,76.5,75.8,54.9,78.5,82.6,75.8,970011,65.1,78.2,76.2,72.8,75.6,74.8,73.3,NA,80.5,68.7,73.3,62.9,61.9,72.7,66.2,73.8,NA,NA,74.2,73.4,50.3,76.4,82.3,73.3
"Norfolk School District","980011",NA,NA,NA,NA,NA,NA,NA,NA,NA,NA,73.6,67.1,NA,73.1,NA,74.1,NA,NA,78.3,73.6,NA,78.4,NA,74.6,980011,NA,NA,NA,NA,NA,NA,NA,NA,NA,NA,68.3,65.5,NA,66.3,NA,70.2,NA,NA,70.3,68.3,NA,72.8,NA,68.8
"North Branford School District","990011",58.3,67.7,75.5,69.3,66.9,69.2,67.8,NA,71.9,60.9,67.9,61.7,NA,70.5,66.2,65.4,NA,NA,69.6,68,48.1,71.2,NA,67.9,990011,53.8,63.5,73.7,68,66.3,63.5,60.8,NA,69.5,54.1,64.2,58,NA,63.8,60.9,64.5,NA,NA,65.9,64.3,41.7,68,NA,64.5
"North Canaan School District","1000011",NA,NA,74.1,71.3,NA,74.7,77.6,NA,NA,NA,73.4,67.8,NA,76.8,68.4,69.7,NA,NA,77.6,74.4,NA,77,NA,73.4,1000011,NA,NA,71.5,58.1,NA,60.2,65.5,NA,NA,NA,63.6,56.6,NA,65.4,64.3,61.6,NA,NA,68.9,64.3,NA,67.1,NA,63.2
"North Haven School District","1010011",60.9,80.8,80,77.6,79.5,72.8,69.8,NA,78.3,71.4,74.1,64.2,61.2,76.9,68.1,71.5,NA,NA,75.7,74.7,51,77.3,80.4,74.3,1010011,58.3,74.7,74.9,76,71.1,67.8,68.4,NA,78.9,65.7,70,60.8,64.4,70.4,62.5,69.7,NA,NA,71.4,70.3,46.7,73.3,74.5,70
"North Stonington School District","1020011",55.5,82.3,82.7,81.2,77.7,82.9,75.3,NA,NA,NA,77.8,69.7,NA,78.7,NA,76.8,NA,NA,78.9,77.9,53.3,79.6,NA,78.2,1020011,54.1,84.7,81.5,85.6,74.1,71.6,64.8,NA,NA,NA,74.6,66.2,NA,72.2,NA,77,NA,NA,75.8,74.7,52.2,76.3,NA,74.9
"Norwalk School District","1030011",53.8,68.1,72.4,69.3,64.7,62.7,63.3,NA,78.5,57.5,65,59.8,55.4,67.4,60.5,62.8,NA,NA,72,67.6,46.6,68.2,68.9,74.4,1030011,51.6,62.8,68.4,65.7,59.3,58.9,58.3,NA,76.2,51.5,60.8,55.4,52.5,60.6,56.3,61,NA,NA,68,63,42.1,64,63.6,70.9
"Norwich Free Academy District","9010022",54.9,NA,NA,NA,NA,NA,NA,NA,60.2,37.9,54.9,46.6,35.9,56.7,47,52.7,NA,NA,62.3,57,35.4,57.1,55.3,62.6,9010022,53.2,NA,NA,NA,NA,NA,NA,NA,73,37.8,53.2,45,35.7,53.8,45.3,52.5,NA,NA,60.6,55.2,33.7,55.4,50.4,58.5
"Norwich School District","1040011",NA,64.4,65.7,62.2,53.7,50.4,48.5,NA,75.9,49.4,57.7,55.1,53.3,60.1,54.4,55.4,NA,NA,67.8,58.7,39.3,62,58.4,62.3,1040011,NA,59.5,60.1,57.7,46.6,45.7,42.8,NA,72.4,42.1,52.3,49.6,48.7,52.5,50,52.1,NA,NA,62.5,53.1,32.3,56.9,53,56.6
"Odyssey Community School District","2630013",NA,64.3,69.5,63,61.6,66.9,69.2,NA,69.2,60.2,65.7,58.6,NA,69,63.9,62.6,NA,NA,67.2,66.3,44.7,67.9,NA,68,2630013,NA,58.6,61.2,63.2,55.7,60.3,59.8,NA,67.3,53.9,59.8,52.1,NA,60.5,55.3,59.2,NA,NA,61.5,60.5,39.4,62,NA,63.1
"Old Saybrook School District","1060011",69,69.7,75.7,74.3,75,73.7,67.1,NA,72.3,NA,71.7,64.5,57.1,74,64.9,69.5,NA,NA,74,72.7,52.1,74.7,NA,72.5,1060011,65.6,61.3,74.3,78.3,69,72.1,61.5,NA,76.1,NA,68.3,61.7,57.8,68.4,61.4,68.2,NA,NA,70.4,69,46.1,71.5,NA,68.9
"Orange School District","1070011",NA,77.3,79,79.5,81.7,NA,NA,NA,85.9,NA,79.4,68.1,68.1,82.2,71.3,76.9,NA,NA,81,80.5,54.8,82.3,82,78.8,1070011,NA,71.1,73.4,76.3,77.9,NA,NA,NA,85.3,NA,74.8,64.6,68,75.1,65.7,74.4,NA,NA,76.2,75.4,49.9,77.7,78.2,73.4
"Oxford School District","1080011",61.2,73.5,77.7,70.5,74.6,74.4,70,NA,NA,NA,71.5,67.4,63.1,74.2,67.7,68.6,NA,NA,71.9,71.8,53.6,74,NA,72,1080011,57.8,66.6,75.8,75.5,66.8,66.1,62.7,NA,NA,NA,67.1,62.4,61.2,66.9,63.4,67.3,NA,NA,67.5,67.3,50.4,69.4,NA,67.4
"Park City Prep Charter School District","2830013",NA,NA,NA,54.2,57.9,64.5,55.3,NA,NA,55.1,57.9,55.3,50.7,60.9,58.6,55.2,NA,NA,66.5,59.1,37.7,60.6,NA,67.9,2830013,NA,NA,NA,51,48.1,56.6,55,NA,NA,48.9,52.5,51,48.7,54.3,54.1,50.7,NA,NA,57.1,53.1,30.3,55.4,NA,61.9
"Path Academy District","2930013",NA,NA,NA,NA,NA,NA,NA,NA,NA,NA,NA,NA,NA,NA,NA,NA,NA,NA,NA,NA,NA,NA,NA,NA,2930013,NA,NA,NA,NA,NA,NA,NA,NA,NA,NA,NA,NA,NA,NA,NA,NA,NA,NA,NA,NA,NA,NA,NA,NA
"Plainfield School District","1090011",52.8,68.2,70,69.5,74.8,68.4,69.7,NA,72.9,67.4,67.9,64.6,67.9,70.9,63,64.9,NA,NA,71.4,67.9,46,71.3,NA,68,1090011,48.3,62.6,68,66.3,66.8,59.2,61.1,NA,69.8,59.3,62,59.3,63.8,62.8,57.7,61.2,NA,NA,64.9,62,41.5,65.2,NA,62.1
"Plainville School District","1100011",57.6,73,76,71.6,74.2,64,72.2,NA,66,65.1,69.7,64.5,66,71.8,62.9,67.7,NA,NA,72.7,70.2,49.4,72.6,73.5,71.5,1100011,56.7,69.4,68.9,70.3,67.5,59.5,69.7,NA,67.7,58.9,65.9,60.1,61.5,65.2,57,66.6,NA,NA,69.3,66.5,41.5,69.3,67.2,68.3
"Plymouth School District","1110011",55.8,70.8,76.5,75.1,61.8,63.2,56.8,NA,NA,NA,65.4,61.2,NA,68.3,59.5,62.7,NA,NA,68.1,65.8,46.1,69.1,NA,66.5,1110011,55.3,67.4,73.6,72.4,60.7,65.2,57.6,NA,NA,NA,64.3,60.3,NA,65.1,57.4,63.6,NA,NA,67,64.6,43.6,68.2,NA,65.5
"Pomfret School District","1120011",NA,77.8,74,77,78.1,76.5,62.7,NA,NA,NA,74.1,70.1,NA,77.1,NA,71.7,NA,NA,75.4,74.1,57.1,75.8,NA,74.2,1120011,NA,79.2,73.7,74.5,66.9,70.3,58,NA,NA,NA,69.9,65.1,NA,71.8,NA,68.5,NA,NA,71.6,69.8,46.3,72.4,NA,69.8
"Portland School District","1130011",65.4,75.1,76.7,77,74.8,76,79.2,NA,NA,54.3,74.9,65.8,NA,79.5,65.5,70.4,NA,NA,77.9,75.1,53.7,77.3,68.7,77.2,1130011,63,66.8,68.7,75.6,74.8,68.8,73.1,NA,NA,52.1,70.1,60.5,NA,71.5,61.9,68.8,NA,NA,73.3,70.3,44,73.1,63.6,72.2
"Preston School District","1140011",NA,77,70.4,76.7,71.6,64.5,71.4,NA,NA,NA,71.8,68.8,NA,73.9,NA,69.8,NA,NA,72.9,71.8,54.3,75.7,NA,72.7,1140011,NA,69.4,64.8,71.1,68.9,59.6,66.1,NA,NA,NA,66.6,63.1,NA,66.2,NA,66.9,NA,NA,67.8,66.2,47.4,70.9,NA,67.1
"Putnam School District","1160011",51.6,72.4,66.9,64.9,73.6,66.7,67.6,NA,NA,NA,66.4,62.2,52.2,67.5,60.9,65.4,NA,NA,72.6,67,48.7,69.9,60.9,67.8,1160011,45.6,64.7,61.4,58.8,63.2,55.7,58.5,NA,NA,NA,58.4,54.8,48.2,57.2,54.1,59.5,NA,NA,63.7,58.9,40.5,61.9,52.6,59.6
"Redding School District","1170011",NA,78.9,88.2,83.1,78.3,82.9,73.3,NA,NA,NA,80.5,74.5,NA,83.4,75.4,77.7,NA,NA,81.1,80.7,60.7,83.6,81.8,80.7,1170011,NA,77,84.5,81.5,77.6,76.9,76.7,NA,NA,NA,78.9,73.7,NA,80,73.7,77.9,NA,NA,79.4,79.1,56.4,82.5,81.7,78.9
"Regional School District 01","2010012",59.1,NA,NA,NA,NA,NA,NA,NA,NA,NA,58.2,51.8,NA,61.9,NA,52.9,NA,NA,60.4,58.9,NA,61.1,NA,59.1,2010012,53.5,NA,NA,NA,NA,NA,NA,NA,NA,NA,52.8,47.5,NA,53.7,NA,51.2,NA,NA,54.6,53.2,NA,55.8,NA,52.9
"Regional School District 04","2040012",65.8,NA,NA,NA,NA,77.6,76.9,NA,NA,NA,73.8,60.5,NA,76.5,NA,70.8,NA,NA,75.2,74.1,54,77.2,NA,74.9,2040012,59.1,NA,NA,NA,NA,70.2,71.2,NA,NA,NA,67.2,55.6,NA,67.8,NA,66.6,NA,NA,68.5,67.5,46.9,70.8,NA,67.9
"Regional School District 05","2050012",70,NA,NA,NA,NA,85.9,81.1,NA,89.5,62.4,78.9,70.8,70,81.6,75.3,76,NA,NA,79.9,79.1,55.8,81.5,80.5,77.6,2050012,68.6,NA,NA,NA,NA,80.7,77.2,NA,94,56.4,75.4,67.6,78.5,75.7,71.8,75.1,NA,NA,76.3,75.3,48.6,78.5,74.2,72.9
"Regional School District 06","2060012",62.7,80.1,80.5,76.5,83.9,82.2,71.6,NA,NA,NA,75.3,71.9,NA,79.1,NA,71.6,NA,NA,75.7,75.3,56.7,80.4,NA,75.5,2060012,54.8,72.9,75.6,70.1,73.7,70.2,66.2,NA,NA,NA,67.5,63.4,NA,68.8,NA,66.3,NA,NA,68.1,67.5,50.8,72,NA,68.1
"Regional School District 07","2070012",66.5,NA,NA,NA,NA,73.2,74.5,NA,NA,NA,71,61.2,NA,74.4,NA,67,NA,NA,72.7,71,47,75.2,NA,71.1,2070012,65.2,NA,NA,NA,NA,63.7,66.9,NA,NA,NA,65.3,52.5,NA,65,NA,65.7,NA,NA,67.7,65.3,38.3,70.1,NA,65.5
"Regional School District 08","2080012",68.3,NA,NA,NA,NA,76.1,72.8,NA,NA,NA,72.4,62.4,NA,76.3,63.9,69.2,NA,NA,74,72.5,47.9,75.9,NA,72.8,2080012,68.7,NA,NA,NA,NA,71.5,69.7,NA,NA,NA,70,57.8,NA,70.4,60.9,69.6,NA,NA,71.9,70,44.2,73.6,NA,70.3
"Regional School District 09","2090012",69.7,NA,NA,NA,NA,NA,NA,NA,NA,NA,69.7,NA,NA,73.2,NA,66.6,NA,NA,70,69.9,NA,71.4,NA,70,2090012,68.7,NA,NA,NA,NA,NA,NA,NA,NA,NA,68.7,NA,NA,69,NA,68.4,NA,NA,69.2,68.9,NA,70.5,NA,69.1
"Regional School District 10","2100012",67.9,76.4,82.1,77.5,80.6,76.7,74.9,NA,86.3,NA,76.5,68.7,73,78.6,72.2,74.5,NA,NA,77.5,76.6,57,78.8,NA,76.5,2100012,66,74.1,82.7,75.5,69.6,70.9,69.5,NA,78.2,NA,72.5,64.9,69.7,71.7,67,73.2,NA,NA,73.5,72.6,52.6,74.8,NA,72.6
"Regional School District 11","2110012",55.2,NA,NA,NA,NA,75.8,64.6,NA,NA,NA,65.6,59.5,NA,71.1,NA,61.1,NA,NA,69.2,65.8,43.1,70.3,NA,67.2,2110012,53.5,NA,NA,NA,NA,63.1,56.8,NA,NA,NA,58,54.3,NA,59.9,NA,56.4,NA,NA,60.1,58.2,37.9,62.4,NA,59
"Regional School District 12","2120012",60.7,79,86.6,80.6,79,69.1,79.7,NA,NA,NA,75.3,68.8,NA,74.9,72,75.7,NA,NA,76,75.5,55.4,78.7,NA,75.5,2120012,60,77.7,87.4,80.6,71.4,64.6,77,NA,NA,NA,72.9,64.7,NA,71.2,70.9,74.6,NA,NA,73.7,73,50.9,76.6,NA,73.1
"Regional School District 13","2130012",65.1,76.8,77.1,76.4,77,70,72.9,NA,NA,NA,73.3,64.6,NA,77,69.6,69.2,NA,NA,74.1,73.5,55.4,76.8,74.2,73.5,2130012,58.9,69.7,74.7,72.9,71.6,65.7,69.8,NA,NA,NA,68.8,59.8,NA,69.9,62.9,67.5,NA,NA,69.6,68.9,50.4,72.3,70.8,69
"Regional School District 14","2140012",59.2,76.2,74.5,74.9,73.6,66.8,69.2,NA,77.1,NA,69.3,63.3,58.7,71.7,64.5,66.7,NA,NA,70.7,69.5,50,73.1,NA,69.2,2140012,57.3,64.3,66.5,71,59.7,59.6,63.9,NA,73.5,NA,62.3,55.6,58.1,62.1,59.3,62.6,NA,NA,64,62.4,43,66.2,NA,62.1
"Regional School District 15","2150012",66.9,75.8,77.5,77.6,79,77.7,71.7,NA,83.5,71.6,75,66.3,64.3,77.1,69.4,73.1,NA,NA,76.2,75.3,56.3,78.6,82.7,74.7,2150012,65.7,76,76.7,78.1,73.4,71.4,66.5,NA,86.1,67.5,72.2,63.4,66.8,72.4,65.9,71.9,NA,NA,73.4,72.3,50.6,76.3,81.3,71.7
"Regional School District 16","2160012",62.3,81.2,81.3,77.3,79.8,73.5,71.7,NA,NA,74.5,75,68.4,58.2,77.6,72.7,72.3,NA,NA,76.2,75.4,56.1,77.7,NA,75.4,2160012,59.4,75.5,74,72.7,73.1,67.8,62.2,NA,NA,68.1,68.9,60.7,54.9,69.3,64.2,68.5,NA,NA,70.3,69.2,49.7,71.6,NA,69.3
"Regional School District 17","2170012",68.2,76.4,82.8,76.3,79.6,73.1,81.1,NA,82.9,NA,76.7,70.9,NA,79.3,78.5,74.5,NA,NA,77.5,76.8,59.1,80.4,72.2,76.7,2170012,63.2,75.2,77.6,73.3,71.5,64.2,77.3,NA,81.6,NA,71.5,65.5,NA,71.6,71.7,71.4,NA,NA,72.3,71.6,54.3,75.2,67.7,71.5
"Regional School District 18","2180012",69.3,78.5,89.4,81.8,84.1,78.4,73.3,NA,84.7,NA,78.5,72,NA,80.8,66.6,76.3,NA,NA,79.7,78.7,62.6,81,NA,79.2,2180012,67,76.1,89.7,79.4,78.3,76.3,77.4,NA,87.4,NA,77.2,70.2,NA,77.2,61,77.2,NA,NA,78.5,77.3,56.5,80.5,NA,77.7
"Regional School District 19","2190012",64.4,NA,NA,NA,NA,NA,NA,NA,NA,NA,64.4,53.7,NA,67.7,56.9,61.3,NA,NA,67,65,52.7,66,63.8,65.2,2190012,63.3,NA,NA,NA,NA,NA,NA,NA,NA,NA,63.3,49.6,NA,64.7,55.2,62.1,NA,NA,66.7,63.9,47.8,65.5,66.1,63
"Ridgefield School District","1180011",73,82,84.6,85.9,79.4,82.6,75.5,NA,87.5,NA,80.3,70.2,74.4,82.2,76.3,78.5,NA,NA,80.8,80.5,60.4,83.3,87.1,79.8,1180011,72,77.4,79.9,80.5,72.8,76.4,70.8,NA,86.2,NA,75.6,64.7,70.8,74.9,70.9,76.2,NA,NA,76.1,75.7,53.3,78.9,82,74.9
"Rocky Hill School District","1190011",62,79.4,79.8,79.6,81.6,79.6,79.2,NA,84.4,68.7,77.4,66.3,74.1,79.7,65.8,75.2,NA,NA,80.1,77.8,52.8,80.7,73.1,77.1,1190011,60.1,76.5,77.3,78.4,76.5,68.3,71.2,NA,85.3,56.9,72.7,58.1,72.6,72.9,56.9,72.6,NA,NA,76.2,72.8,47.8,76,65.3,71.3
"Salem School District","1210011",NA,81.2,85.9,73.7,83.9,78.8,70,NA,NA,NA,78.7,63.9,NA,81.3,NA,75.9,NA,NA,81.3,78.7,53.4,84.3,NA,79.5,1210011,NA,78.5,91.1,70.4,72.8,68,65.2,NA,NA,NA,73.4,59.6,NA,72.5,NA,74.3,NA,NA,75.8,73.4,50.5,78.4,NA,74
"Salisbury School District","1220011",NA,81.3,86.4,74.6,76.5,81,84.4,NA,NA,NA,80.8,NA,NA,84.6,NA,76.5,NA,NA,81.8,81.4,NA,81.8,85.2,81.1,1220011,NA,75.2,79.5,67.4,70.8,75.7,79.9,NA,NA,NA,74.9,NA,NA,77.1,NA,72.5,NA,NA,75.5,75.1,NA,76.3,81.4,74.7
"Scotland School District","1230011",NA,NA,NA,NA,NA,NA,NA,NA,NA,NA,75.6,71.6,NA,78.8,NA,70.8,NA,NA,78,75.6,NA,77.9,NA,77.3,1230011,NA,NA,NA,NA,NA,NA,NA,NA,NA,NA,64.7,61,NA,64.6,NA,64.8,NA,NA,66.8,64.7,NA,65.8,NA,66.8
"Seymour School District","1240011",60.3,70.7,71.8,72.4,66.3,65.5,63.1,NA,78.1,60.2,67.3,61.4,62.3,70.3,63.1,64.4,NA,NA,70.4,67.6,44.7,70.9,NA,67.9,1240011,57.5,60.6,66.9,71,65.5,63.7,60.4,NA,78.4,53.6,63.8,57.5,59.9,64.2,58,63.3,NA,NA,67.1,64,38.6,67.8,NA,64.8
"Sharon School District","1250011",NA,NA,NA,NA,NA,NA,NA,NA,NA,NA,68.2,62.7,NA,70,NA,66,NA,NA,71.5,68.2,NA,71.8,NA,68.9,1250011,NA,NA,NA,NA,NA,NA,NA,NA,NA,NA,61.1,56,NA,62.5,NA,59.4,NA,NA,64,61,NA,65.3,NA,61.1
"Shelton School District","1260011",61.8,78.9,81.6,77,78.2,73.1,74.1,NA,84.1,67.9,74.9,68.2,72.2,76.9,68.9,73,NA,NA,77.4,75.2,54.6,78.2,77.7,75.5,1260011,59.9,73.2,76.1,73.1,71.2,66.9,70.5,NA,83.5,60.1,70.1,62.5,69.3,69.7,62.1,70.5,NA,NA,72.8,70.1,47.4,73.7,71.3,71
"Sherman School District","1270011",NA,72.6,74.2,79.5,68.7,78.3,68.8,NA,NA,NA,73.2,NA,NA,76,NA,70.7,NA,NA,74.4,73.5,58.8,75.8,NA,73.3,1270011,NA,71.6,72.4,78.5,61.8,72.6,62.9,NA,NA,NA,69.3,NA,NA,68.4,NA,70.2,NA,NA,70.5,69.6,52.9,72.1,NA,69.2
"Side By Side Charter School District","2700013",NA,60.5,NA,64.9,68.3,72.8,64.6,NA,NA,61.9,67.7,66.1,NA,69.1,68.7,66.3,NA,NA,70.1,68.9,NA,69.6,NA,NA,2700013,NA,54.3,NA,67.6,66.8,75.3,68.9,NA,NA,60.2,67.3,67,NA,68,68.9,66.7,NA,NA,67.8,68.8,NA,69.4,NA,NA
"Simsbury School District","1280011",74,78.5,85.4,85.7,84.7,83,81.5,NA,88.8,65.7,81.7,67.6,68.1,83.9,76.1,79.6,NA,NA,83.3,82,61.8,84.6,82.7,82.8,1280011,72.1,69.4,74.4,77.4,78.3,75.1,74.1,NA,86.5,54.9,74.4,59,61.8,74.4,66.5,74.3,NA,NA,76.1,74.6,50.7,77.8,73.6,75.5
"Somers School District","1290011",59.3,71.7,72.5,73.7,69.2,67,66.4,NA,NA,NA,68.1,53.6,NA,71.3,53.9,65,NA,NA,69.9,68.1,45.8,71.3,NA,68.7,1290011,58.2,62.5,69.7,69.2,64,66.7,66.7,NA,NA,NA,64.9,52,NA,65.7,56.2,64.2,NA,NA,66.6,64.9,44.8,67.8,NA,65.2
"South Windsor School District","1320011",63.2,80.4,82.2,80.1,76.5,77.7,76,NA,86,63.7,76.6,65.4,73.2,78.6,67.1,74.8,NA,NA,78.8,76.9,54,80,75.5,76.4,1320011,61.1,76.3,78.2,78.4,74.4,75.9,74.7,NA,88,56.7,74.1,61.4,73.8,73.7,62,74.5,NA,NA,76.6,74.1,50.2,77.7,76.1,73.1
"Southington School District","1310011",61.9,75.1,77.1,75.2,74.4,72.4,72.1,NA,78.8,63.9,72.7,64.5,68,75.2,64.1,70.3,NA,NA,74.8,72.9,52.4,76.1,70.9,73.6,1310011,59,71.9,74.3,71.4,67.5,66.7,65.6,NA,76.9,60.6,68.1,59.9,63.5,67.8,59.1,68.4,NA,NA,70.2,68.3,47.6,71.5,66.3,68.8
"Sprague School District","1330011",NA,62.4,65.4,65.6,67.6,67.4,58.9,NA,NA,NA,64.4,62.4,NA,67.2,61.3,62.3,NA,NA,66.9,64.5,44.4,69,NA,66.6,1330011,NA,58.9,62.5,60.2,57.8,59.7,53.3,NA,NA,NA,58.8,55.3,NA,57.8,56.3,59.6,NA,NA,63.1,58.7,37.5,63.6,NA,61.1
"Stafford School District","1340011",56.7,69.8,68,66.9,70.4,69.8,68.5,NA,NA,NA,67.6,61.3,NA,69.4,63.8,65.9,NA,NA,71.6,67.7,46.8,70.5,72.8,68,1340011,55,59.8,66.3,60.1,62.5,61.6,62.4,NA,NA,NA,61.4,55.6,NA,61.4,57.5,61.4,NA,NA,65,61.4,39.5,64.4,60.9,61.9
"Stamford Academy District","2820013",34.1,NA,NA,NA,NA,NA,NA,NA,NA,NA,34.1,34.5,NA,NA,NA,NA,NA,NA,NA,34.9,NA,NA,NA,NA,2820013,31.8,NA,NA,NA,NA,NA,NA,NA,NA,NA,31.8,30.9,NA,NA,NA,NA,NA,NA,NA,31.9,NA,NA,NA,NA
"Stamford Charter School for Excellence District","2960013",NA,80,NA,NA,NA,NA,NA,NA,NA,78.8,80,78.4,NA,77,NA,82.6,NA,NA,NA,80,NA,80.4,NA,NA,2960013,NA,84.2,NA,NA,NA,NA,NA,NA,NA,81.4,84.2,83.2,NA,78.5,NA,89.2,NA,NA,NA,84,NA,83.6,NA,NA
"Stamford School District","1350011",55.5,67.3,69,69.1,66.6,65.2,62.8,NA,78.9,57,65.4,58.7,51.7,67.5,59.5,63.4,NA,NA,75.3,68.2,44.5,68.6,67,74.5,1350011,53.9,62.5,67.8,67.3,59.2,59.4,57.8,NA,78.6,49.5,61.5,53.9,48.6,61.6,55.6,61.3,NA,NA,72.5,64,38.7,64.9,62.7,71.5
"Sterling School District","1360011",NA,68.7,66.3,63.5,68.4,71.3,62.4,NA,NA,NA,66.8,59.1,NA,72.3,NA,62.3,NA,NA,71.3,66.8,45,70.1,NA,68,1360011,NA,62.6,57.6,57.2,54.2,60.6,56.3,NA,NA,NA,58,49.5,NA,59.3,NA,56.9,NA,NA,62.9,58,40.2,60.7,NA,59
"Stonington School District","1370011",63,80.9,83.5,77.3,74.9,74.5,71.3,NA,73.5,NA,74.8,67.7,NA,77.5,64.6,72.3,NA,NA,77.4,75,54.8,78.4,72.3,75.9,1370011,61.4,75.4,82.1,74.6,64,69.5,60.6,NA,64.5,NA,69.4,60.6,NA,69.9,60.7,69,NA,NA,72.7,69.7,47.1,73.4,71,70.4
"Stratford School District","1380011",52.3,66.3,69.7,65,70.2,63.6,60.2,NA,70.6,58.4,64,60.1,59.3,67.4,61,60.7,NA,NA,68,64.5,44,67,65.5,68.9,1380011,50.2,61.2,64.8,59.3,60.3,52,49.6,NA,68.6,49.8,56.7,52.5,54.2,57.7,53.3,55.7,NA,NA,61.1,57,35.9,59.9,58,62.3
"Suffield School District","1390011",66.1,72.8,76.4,77.1,74.2,77,70.8,NA,80.7,60.5,72.9,64.3,59.3,74.7,62.9,70.9,NA,NA,74.5,73.2,53.7,76,NA,74,1390011,63,66,70.8,72.4,67.6,67.5,63.8,NA,77.7,49.2,66.9,55.5,59.9,66.6,57.2,67.2,NA,NA,69,67,43.5,70.6,NA,68.1
"The Bridge Academy District","2690013",48.1,NA,NA,NA,NA,58.7,58.2,NA,NA,54.5,55.7,54.9,NA,56.9,56.1,54,NA,NA,58.6,56.1,NA,58.2,NA,NA,2690013,43.8,NA,NA,NA,NA,39,51.7,NA,NA,44.9,45,44.9,NA,43.4,44.6,47.3,NA,NA,45.6,45.6,NA,47,NA,NA
"The Gilbert School District","9020022",52.9,NA,NA,NA,NA,61.1,56.9,NA,44.8,NA,56.4,55.1,NA,60.9,50.2,52.3,NA,NA,57.5,57.5,39.9,58.9,NA,59.9,9020022,57.6,NA,NA,NA,NA,52.6,47.7,NA,72.5,NA,53.2,48.3,NA,52.6,44.9,53.8,NA,NA,57.1,54.1,34.4,56.2,NA,52.2
"The Woodstock Academy District","9030022",61.8,NA,NA,NA,NA,NA,NA,NA,51.9,NA,61.8,NA,NA,62.6,NA,61,NA,NA,61.9,61.8,NA,62.8,NA,63.5,9030022,60.5,NA,NA,NA,NA,NA,NA,NA,76.3,NA,60.5,NA,NA,57.8,NA,63.3,NA,NA,60.8,60.5,NA,61.7,NA,58.8
"Thomaston School District","1400011",63.3,68.3,68.4,64.8,72.3,71.1,75.6,NA,NA,NA,69.2,63.5,NA,72.8,NA,64.9,NA,NA,71,69.3,49.1,73.1,NA,69.6,1400011,58.9,62.4,66.6,60,59.6,61.7,63.1,NA,NA,NA,61.6,54.9,NA,62.1,NA,61.1,NA,NA,63.8,61.8,43.9,65,NA,62.1
"Thompson School District","1410011",53.8,69.5,67.5,62.6,63.7,54,56.3,NA,NA,NA,60.9,55,NA,63.9,49.2,58.4,NA,NA,65.1,60.9,42.4,63.2,NA,61.7,1410011,51.9,65.9,61.5,61.2,54.3,55,51.1,NA,NA,NA,57.1,51.9,NA,58.6,48.6,55.8,NA,NA,60.7,57.2,38.1,59.4,NA,57.8
"Tolland School District","1420011",66.6,76.2,76.9,72.4,78.5,72.7,73.4,NA,79.8,69.8,73.7,65.6,NA,76.7,72.9,71.1,NA,NA,74.9,73.8,54.7,76.6,NA,73.6,1420011,67.5,67.4,73.2,68.7,70.6,69.6,68,NA,76.8,61.9,69.2,60,NA,69.2,66.8,69.2,NA,NA,70.6,69.3,48.7,72.4,NA,69.2
"Torrington School District","1430011",51.2,69,70.4,68.3,64.6,59.1,61.3,NA,72.6,58.7,64.1,61.6,58.4,66.6,59.1,61.8,NA,NA,68.1,65.2,48.4,67.9,63,66,1430011,49.5,62.3,61.5,62.1,52.8,51.1,52.9,NA,68.1,48.1,56.4,53.6,52,56.6,51.7,56.2,NA,NA,60.6,57.1,40.8,60.1,53.6,58.1
"Trailblazers Academy District","2780013",NA,NA,NA,NA,50.8,40.3,46.7,NA,NA,42.5,45.3,44.7,NA,49.3,49,42.4,NA,NA,NA,44.6,33.6,50.2,NA,NA,2780013,NA,NA,NA,NA,33.8,34.5,29.4,NA,NA,28.9,32.3,31.7,NA,33.6,36.4,31.3,NA,NA,NA,31.8,25.5,35,NA,NA
"Trumbull School District","1440011",66.6,81.1,83.9,86.2,82.9,81.1,80.6,NA,87.2,75.2,80.2,71.5,72.7,82.6,73.6,78.1,NA,NA,81.8,80.6,57.9,83.2,89.2,80.5,1440011,66.6,77,80.6,81,78.7,76.9,79.1,NA,89,69.7,77.1,68.1,71.4,76.8,68.8,77.3,NA,NA,78.7,77.4,53.4,80.2,83.3,77.1
"Unified School District #2","3470015",NA,NA,NA,NA,NA,NA,NA,NA,NA,NA,NA,NA,NA,NA,NA,NA,NA,NA,NA,NA,NA,NA,NA,NA,3470015,NA,NA,NA,NA,NA,NA,NA,NA,NA,NA,NA,NA,NA,NA,NA,NA,NA,NA,NA,NA,NA,NA,NA,NA
"Union School District","1450011",NA,NA,NA,NA,NA,NA,NA,NA,NA,NA,75.5,NA,NA,78.8,NA,NA,NA,NA,77.1,75.5,NA,76.6,NA,75.3,1450011,NA,NA,NA,NA,NA,NA,NA,NA,NA,NA,66,NA,NA,64.6,NA,NA,NA,NA,67.1,66,NA,69.3,NA,65.3
"Vernon School District","1460011",58.4,68.1,70.6,66,62.6,61.5,60.5,NA,66.8,55.2,64.1,57.3,57.5,66.8,54.7,61.4,NA,NA,70.3,64.5,44.4,68.1,65.8,68,1460011,53.5,61.8,67.7,66.8,59.1,57,57.2,NA,68.3,51.6,60.7,53.5,57.6,61.2,49.8,60.1,NA,NA,67.1,60.9,36.7,65.5,58.5,64.8
"Voluntown School District","1470011",NA,67.3,82.1,78.1,73.1,74.7,68,NA,NA,NA,73.6,71.6,NA,78.9,NA,69,NA,NA,74.1,73.6,52,79.9,NA,74,1470011,NA,59.7,78.9,72.8,67.8,68.1,64.9,NA,NA,NA,68.4,65.4,NA,70.3,NA,66.7,NA,NA,69.2,68.4,46.5,74.8,NA,68.7
"Wallingford School District","1480011",58.5,67.2,70.3,67.7,67.3,66.1,62.1,NA,68.7,57.4,65.5,57.8,55,67.9,58.1,63.1,NA,NA,68.7,66.5,48.1,68.4,66.8,67.2,1480011,55.9,62,66.9,65.8,61.4,60.3,56.8,NA,67.6,51.3,61.1,53.4,53.2,60.8,54,61.5,NA,NA,64.4,61.9,42.2,64.3,63.4,62.6
"Waterbury School District","1510011",44,59,60.8,57.2,53.4,49.6,50.3,54.3,64.9,51.6,53.9,52.4,44.8,56.8,52.1,51.1,NA,NA,62.1,55.6,38.3,57.7,57.3,60.8,1510011,40.3,51.7,55.4,56.1,45.8,41.3,41.1,51.2,59.7,44.1,47.8,46.2,40.6,48.6,46.1,47,NA,NA,56,49.1,32,51.6,51.9,55.8
"Waterford School District","1520011",61.4,76.5,76.8,75.3,74.1,72.8,70.4,NA,73.3,63.2,72.4,64.3,59,74.3,65.6,70.3,NA,NA,74.6,72.9,53.3,76.1,74.1,73.2,1520011,59.2,71.8,72.7,71,69.1,64.1,66.8,NA,73,55.6,67.7,57.5,60.2,67.2,59.9,68.2,NA,NA,70.5,68,45.6,72,66.5,68.8
"Watertown School District","1530011",57,75,77.8,72.4,74.3,74.3,73.5,NA,75.1,63.8,72,67.8,66.2,74.5,69,69.7,NA,NA,74,72.2,51.9,75.2,69.8,72.5,1530011,51.3,73.8,72.8,66.9,66,66,57.6,NA,73.1,50.9,64.7,60,62.9,65.4,60.3,64,NA,NA,66.9,64.7,43.3,68.2,63.2,65.4
"West Hartford School District","1550011",68.3,76.9,79.7,78.2,75.1,74.5,75.7,NA,78.3,65.4,75.4,62.4,62,77.9,61.8,73,NA,NA,79.6,76.7,51.4,78.7,75.2,80.5,1550011,65.7,71.2,75.2,75,68.3,67.5,70,NA,76.3,57.6,70.4,56.6,58.9,70.2,56.3,70.6,NA,NA,74.7,71.5,45.5,73.7,70.7,75.3
"West Haven School District","1560011",49.6,67.3,68,64.9,66.9,64.9,59.5,NA,75.3,59.2,63.5,60.7,58.8,66.2,60.3,61.1,NA,NA,70.4,64.6,45.9,67,67.1,68.4,1560011,45.1,63.6,65.1,61.4,60.5,62.8,58,NA,74.5,55.3,60,57.5,57,60.9,57.3,59.3,NA,NA,66.4,60.8,42.5,63.5,61.1,64.8
"Westbrook School District","1540011",65.6,75.3,78,77.5,80.8,79,84.9,NA,NA,NA,77.5,71.1,65.4,77.3,68.7,77.6,NA,NA,78.8,78.9,62.9,80.8,NA,78.8,1540011,62.6,76.8,77.8,71.6,72.3,73,80.3,NA,NA,NA,73.4,68.4,62,72,67.6,74.6,NA,NA,74.4,74.7,58.9,76.7,NA,74.3
"Weston School District","1570011",75,79.1,82.1,79.3,77.2,81.6,80.1,NA,81.7,59.8,79.1,68.7,NA,80.4,78.8,77.9,NA,NA,79.6,79.2,58.7,81.4,81.8,79.2,1570011,73.3,73.8,79.9,79.9,70.1,77.3,80.4,NA,85.9,54.4,76.4,62.9,NA,74.5,72.7,78.1,NA,NA,77,76.5,52.7,79,80.1,76.2
"Westport School District","1580011",75,84.4,86,88.3,81.1,83.2,81.5,NA,88.4,60.7,82.6,63.1,69.3,84.8,76.5,80.5,NA,NA,83.2,82.9,60.3,85.4,91.6,82.4,1580011,74.8,78.6,83.3,86.1,78.7,81.6,81.4,NA,90.6,57.5,80.6,56.6,69.6,79.6,72.4,81.5,NA,NA,81.3,80.8,55.2,83.8,88.7,80.3
"Wethersfield School District","1590011",59.6,72,75.2,75.5,77,73.1,70.8,NA,74.8,61.1,71.8,63.3,58.8,74.4,64.2,69.1,NA,NA,74.3,73.3,53.3,74.7,72.7,73.7,1590011,57.2,66.1,71.8,72.4,70.6,67.4,71.4,NA,75.4,56.8,68.1,58.8,55.2,68.8,59.8,67.4,NA,NA,70.8,69.6,47.4,71.4,67,70.1
"Willington School District","1600011",NA,74.3,72,74.7,76.1,72.2,67.8,NA,NA,NA,73.1,67.4,NA,76.2,NA,70.4,NA,NA,74.8,73.2,59.3,75.6,NA,73.1,1600011,NA,71.4,68,70.3,67.1,65.8,66.6,NA,NA,NA,68.3,61.4,NA,68.2,NA,68.4,NA,NA,70.4,68.5,52,71.3,NA,68.5
"Wilton School District","1610011",73.7,80.5,83.4,83.7,82.7,76.7,77.7,NA,86.3,69.6,79.6,73.4,65.5,81.6,74.1,77.7,NA,NA,80,79.9,60.1,82.7,87.4,78.8,1610011,71.7,73.7,76.1,79.5,80,75.8,72.4,NA,89.2,58.1,75.6,68.7,65.7,75,68.2,76.2,NA,NA,76.1,75.8,53.1,79.2,87.2,73.9
"Winchester School District","1620011",NA,68.2,64.9,62.1,67,NA,NA,NA,NA,NA,64.9,60.7,60.3,68.5,61.2,62.3,NA,NA,70.3,65.5,48.3,68.8,NA,65.9,1620011,NA,67.7,61.3,68.7,64.2,NA,NA,NA,NA,NA,64.9,61.8,63.6,65.5,59.8,64.4,NA,NA,68.8,65,45.4,69.4,NA,65.9
"Windham School District","1630011",43.8,61.3,64,61,56.8,56.9,54.2,NA,NA,59.1,58.2,55.3,48.4,60.3,54.1,56.2,NA,NA,72.4,63.3,40.8,62.4,70.1,68.1,1630011,40.5,55.7,61,60.8,50.8,51.5,49.6,NA,NA,53,54.2,51.2,45.8,54.2,50.2,54.3,NA,NA,69,58.6,37,58.3,67.5,63.9
"Windsor Locks School District","1650011",56,71.4,68.7,69,66.3,66.5,65.7,NA,73.2,54.7,66.1,61.1,58.5,69.7,66.4,62.4,NA,NA,70.9,66.7,46.9,69.7,67.3,67.1,1650011,53.6,65.6,67.4,68.4,58.9,53.3,56.9,NA,70.2,46.8,60.3,55,54.5,61.8,59.2,58.8,NA,NA,65.4,60.7,38.1,64.4,59.8,62
"Windsor School District","1640011",55.9,62.3,66.6,64.1,67.1,61.1,61.9,NA,71.4,57.8,62.4,56,55,66.4,58.4,58.9,NA,NA,65,63,42.4,66.1,63.9,71,1640011,52.1,60.7,64.1,60.1,63.3,57.9,57.7,NA,71.7,53.3,59.1,52.6,54,60.3,54.7,58,NA,NA,61.7,59.5,38.2,63,62.3,69
"Wolcott School District","1660011",57.3,77.2,83.5,77.9,72.5,73.7,72.8,NA,79.9,65.3,72.9,68.3,72.5,77.1,68.9,69.1,NA,NA,74.5,72.9,52.5,75.7,71,73.4,1660011,55.2,73.4,78.7,77.8,67,69,69.9,NA,77.8,59.1,69.5,65.4,70.9,71.3,65,67.8,NA,NA,70.9,69.4,48.8,72.4,68.9,70
"Woodbridge School District","1670011",NA,80.2,82.9,80.2,79.7,NA,NA,NA,85.4,70.1,80.8,69.7,70.5,82.7,73.2,78.9,NA,NA,81.8,81.5,58,84.4,NA,80.8,1670011,NA,72.7,78.3,75.1,78.3,NA,NA,NA,84.6,61.5,76.1,62,69.5,75.7,68.2,76.6,NA,NA,77.3,76.5,51.9,79.9,NA,75.2
"Woodstock School District","1690011",NA,73.6,76.4,73.3,75.5,73.5,68.1,NA,NA,NA,73.2,65.4,NA,76.5,NA,69.9,NA,NA,75,73.3,53.5,75.5,74.4,73.4,1690011,NA,62.8,68.9,64.8,64.5,68,62.8,NA,NA,NA,65.4,58.2,NA,65.5,NA,65.3,NA,NA,67.1,65.5,41.3,68.3,65.1,65.6
